packet_size,duration,src_port,dst_port,bytes_sent,packets_per_second
538.3393864353495,1.9940324107357865,22,24374,998.4190969253527,11.825355209289038
549.7160744053764,1.3186837348458154,22,35269,1066.0579891233183,14.725248482826192
555.4116501324094,0.16722592346169926,22,63716,1018.4708076508916,4.047570330613012
676.7929913579883,0.6645046537423004,8080,55676,675.8172963383697,5.658986270754953
406.6382319990123,0.5380673636130389,80,60810,1401.7510772370279,11.877026714788462
570.195362622127,0.4228241732596236,80,29800,824.0715145264987,9.081642854620139
299.6477707933486,0.46766336527531743,80,50324,999.8873805754082,13.314821466873177
583.5111245914578,0.47917926314915693,22,23327,724.8172822796897,8.565750826738526
585.7975881257154,0.09706149975395285,443,12012,1142.3954045982102,15.089760048912552
486.8862469796655,0.5977559545065222,443,29269,1144.97093431124,3.440674063748297
414.695607242642,0.4297585417754103,443,7775,1224.1681302806332,13.570917110530353
389.2954317956512,0.1795981239684456,22,11383,1038.4842235536362,14.63047856804366
488.24578326718694,0.09108379761432356,21,63969,1043.9169854359889,10.837724661800687
380.416035441096,0.16001587366198936,22,9284,663.5347036417946,5.919269687223477
632.8960590436989,3.4932087515925927,22,63301,1088.4909209939422,6.16573491186459
527.6274179328553,1.7493154811851401,21,6814,1096.7964587903055,8.720185050822701
1377.6965310770584,0.002331107100796922,13441,284,52920.84536676145,445.1927066755177
714.1647600870461,0.5361583905229784,443,14273,1192.5921146498895,14.812687314055042
506.6545815859205,0.06719346234012974,443,61398,884.6007257244933,7.694933021356262
300.6939628945844,1.3411048629676596,443,15132,1295.655787143212,10.167818050397202
1342.0080357116517,0.018696122219092243,40289,791,53309.737947152586,423.800847617301
1377.9044991460155,0.00426630751254334,59165,973,50080.64707638002,609.0659936088132
548.0143403391611,0.6845609640059754,443,27150,883.8079622937033,10.052003887453923
523.4400892698696,0.715390610986731,443,54569,1221.8339622984263,7.645662258532026
457.2747353663466,2.8603555911685805,22,63656,578.5615305340624,8.318651593590774
416.66311940505943,0.019629851511671667,21,40791,843.3640276569665,13.35819148599514
1414.058658282174,0.020986826277634093,63367,55,50182.40377807116,555.3076787025245
367.3607282260436,3.5263868508845424,80,63093,1100.609733675373,10.188094909710143
629.9228297786066,1.0224532589532218,443,52676,1061.878314031389,9.7174162739475
503.27820928762605,1.123113769152831,22,26649,789.6225454203172,9.0850803438607
1386.3148002091116,0.005386614498099863,61968,904,45862.07879632669,576.2149241958687
432.8859722603419,0.6556897341749097,443,29732,756.6563163227186,7.582019173504607
481.07556590635943,2.041063375534503,80,56770,1174.3868733038903,7.090598814654779
377.43942362327516,0.425393564816688,21,10767,715.6472701310854,3.531975981821862
575.0451195806457,0.704537154540019,443,44860,826.361313871844,10.441966991459411
398.62826335596014,0.12607059594580391,22,46690,788.5690251723452,7.292480480670125
370.3527671925239,1.3083981554297437,22,25766,819.8615632574647,11.488362124266358
372.43136766620785,0.6633480081815639,21,64156,886.7410168837987,12.309570679166065
466.5876559299188,0.11973385508551751,80,61089,959.2436277750904,11.468151816815228
558.6222331359278,3.3529315118527383,21,6596,785.6597346276511,8.708624999614125
339.8722062881146,2.1406711778523206,22,24351,1034.0353886383864,5.258982046463395
492.0281789093601,0.029464155338979458,22,3027,962.3231745471234,8.407534515611058
1301.9577200765234,0.011485045218508407,52723,511,44055.59923201198,637.7736236274744
653.5755991995992,1.1621105997504046,22,57831,1106.4258747762876,10.585311919428664
418.6227271752122,0.43076209601777915,8080,3108,1091.9411910029976,7.968177447972167
515.8539691076714,3.6151118664478243,21,62728,991.3732820718185,10.093141601465662
530.4717079754431,3.1297328865997933,8080,13635,945.8143739684384,6.517264130839783
577.7791935428949,4.144518360062226,80,34662,1072.1183355313683,8.151852923331624
519.7790081941852,2.847463314585223,21,3646,592.4542984530565,11.258394678559744
622.254133867403,0.6119077397458649,80,4589,978.9551731498258,6.948326976695077
408.05477139983884,0.811208695626572,80,33191,1265.0293457749679,10.651819474685873
458.9072769166263,0.5173965972349204,21,51771,991.4842757911111,8.596071060027123
362.33138524436913,0.04105074673337288,21,33321,1027.9848624078227,8.61233285102626
351.7814602557179,0.37847066539017593,80,34295,882.5358474472442,11.098998800950131
646.1444292242202,0.7332492381296271,22,44378,1235.101315301756,4.575567859387762
436.1122151756658,0.04766117127769696,21,29576,838.1027362214468,10.492961978145749
606.5980230787643,2.6001332124340486,8080,39562,557.1625257913995,18.572315269419597
587.8450301307273,0.09562916219769495,22,21693,938.6868757425884,13.386973302886052
294.98278989689777,0.7738374215077741,22,63185,1056.613717601998,10.634159425144803
562.5590393967336,1.3050840496196372,443,25585,1399.5028355609525,9.24381155378993
1429.4351639107576,0.0024247112600290347,26966,733,51638.732349759746,280.7456509192591
523.2169889626256,1.9080836232278577,443,3610,723.6101937272734,4.872321688269533
575.086898873126,0.29118943094502203,80,1329,886.8722503289922,16.557591299252877
1456.1547315220769,0.03409133955702691,54980,839,43434.16140900031,510.71050300094714
469.06534602797615,1.9466535811873897,8080,52974,1026.4693012805344,7.642070176205934
565.0592787824701,0.37332177355419455,443,4305,646.4755774121238,8.86097058745548
534.8775894046295,0.3141667059364938,80,41080,1284.4212699847112,10.450243391035071
587.142877794819,0.5609422328139514,8080,56012,1419.199750045088,10.736113026985997
393.7585588140437,0.8048646424148327,443,55065,1056.3911734788314,11.182712948326092
505.43535853903825,0.33673697840030864,8080,37679,1153.8472416074255,17.71755231090919
442.9056338478205,0.325584563176516,8080,56974,512.7248673505355,10.740049448832233
530.436672903026,7.470674843099635,21,19653,1014.4035283834104,5.253498951619246
388.75885280165824,0.5984922093403856,22,34056,1051.961571361102,4.412545742125615
474.80226217931147,2.4041140991010264,22,57239,1209.4630572147516,4.431065298656629
430.2576176699723,0.204306814065224,80,50167,1062.7638040214244,10.257980442242875
493.86756541711526,2.6895583141062374,22,62871,896.6978515678335,8.697398700223344
505.31553475778674,0.06990547826754297,80,14850,652.4570809725735,6.350188854131785
480.8695675118385,0.24808520215343977,8080,52719,763.704186414236,5.978931375936388
516.0190593317076,2.5053915441625305,21,22027,1053.3472335953284,14.70999545499684
454.1324715060667,0.9827751062509352,8080,12261,883.681213143679,6.69801620729692
494.62174491816796,3.0454380226852913,443,62020,976.1267601446247,6.721314276703752
463.69461534349284,0.8416737636347456,8080,38746,1179.121048662869,7.698348794408079
1323.3567560823647,0.004156574103727698,15594,535,50447.96383684217,681.6526996140105
454.501651965922,0.3473067361654511,8080,48985,1252.9079618676074,10.161257688971506
480.93489424948405,1.3148954201049832,80,19259,876.2106894817274,10.452764580419489
566.5385108972787,0.7770829670633007,21,7686,746.3972166312005,11.17603281209727
630.6001741706825,0.26999269840309004,80,1377,1057.6438126180649,12.331218876972695
471.51159336174254,0.38867869871422966,443,64063,737.9406500469122,9.188809173713674
674.3934526167792,0.20428442757792764,8080,59276,1101.3166308380507,9.705779294402477
619.1142953088865,2.4826681439650535,80,62136,1204.9843386250798,6.992872762701348
630.9550684860527,0.24413618682185334,21,56667,605.2332260282072,12.092464935763001
471.5636161959905,1.4172232246347856,8080,47594,1120.5873887510445,7.90293444068822
599.9824246910295,0.1872101107595205,22,61882,1054.7684796616913,9.357175172336603
682.0646157646802,1.1295696857317759,443,54871,1219.8383111095625,10.83186859363254
547.4697088463201,0.3034154649466097,22,43607,783.0778755127524,18.30230767609678
559.0906322793355,0.07200435324713812,21,13793,1042.133375544924,12.025433979684694
453.0597659797276,0.9981719236065236,8080,21737,857.0246876204981,11.635969785901182
569.0485354067769,1.0662268013323757,8080,19718,1099.7438882139447,10.511875235619378
434.5716723312445,1.4106791756023602,22,40878,925.8443661075877,9.43424160098197
414.07075371167616,0.19643675882527561,80,43055,1058.0080792967071,6.718788814849988
382.8433371174658,0.04509769226189196,21,33697,943.8799106323872,10.672891921544784
316.90941741524693,0.7826420698659634,21,52399,1204.819767968205,13.148495817589957
495.00740890137473,0.1962491102003749,22,23203,881.3559630259282,9.834693702873132
617.124709346732,1.1748303080400484,8080,4883,868.7258212903782,11.737845913962799
430.10695714212534,2.0619547618277143,443,37630,873.9834979488661,9.729422759867836
472.4857748773316,0.5703015678256727,8080,3873,1175.61171578164,8.078529784433723
346.6138595083862,0.035270008169557145,443,24850,993.8334971831631,8.631531411653926
471.2616638450824,0.5730674793876915,80,61338,1025.724318498253,7.603582765321054
563.7533810897696,0.9778721885762207,80,57228,844.4788144503466,9.882703236350341
563.5150946814405,1.7648361514897848,8080,47672,836.684978508885,12.989664653495211
583.812656789438,1.575556889763214,22,51374,1032.411911812575,15.749334630206231
351.94634874349833,0.40445467248477907,22,10597,1134.4228630192874,10.508421613579781
378.3439850618872,0.6402145054024182,21,52170,971.1431242959491,13.688127152950313
464.78664495117704,2.2065463048385032,443,23103,977.1580216444327,4.84251659837186
388.2615887010392,0.5074064255627018,21,43162,946.7172931849645,12.36672365014972
325.54140130258077,0.5000068485623455,443,15513,544.8527192556496,9.634584327839999
683.6913528321314,2.876447600222137,443,61664,1072.9050075985604,7.45976772134794
483.7334079455092,0.298575618298007,21,15294,1000.3998712830174,18.11195532183816
502.1852145523443,0.5753121642056873,80,19810,839.351981609659,10.38978956249822
433.4490292711306,0.42221416940500633,80,40993,997.3168426150382,7.272691334189933
477.61411831195005,0.4010851746654315,22,32103,898.6794608057594,10.579544739439594
657.9091256410435,0.0598271186907719,443,33048,1101.615821039813,11.161176188187232
578.2350342417661,3.5860470738945525,443,8604,845.097987697321,10.702895081130693
451.3692090926669,0.4203070720181322,22,43380,859.3861838204396,8.191841910909332
440.9292986036514,0.0011048458009492535,80,9267,779.9728892551389,10.746801731189974
687.684461128167,0.481053192296313,21,59733,648.0368584609068,8.86588212480557
632.7686132267692,0.8822336813718822,22,37343,776.3388365586912,13.42075984283284
564.3938793276858,1.3120408767825156,443,5972,996.5924221325074,7.605539926735498
646.3302891219562,0.09966948770274846,21,25447,854.2779029480945,8.519595372538372
448.17201576337254,0.01960401032539986,22,5489,1014.0838254654577,7.2295606602000895
459.35849836153847,0.9734493926927512,22,52705,855.077789696455,9.900115781449188
355.3942145611545,0.7940397619212047,80,63554,979.0083687999654,11.745551317921237
534.7708452450956,1.2680455303234084,443,15774,889.0855188719106,2.6822510842821536
531.6494261673308,0.6837042581339856,21,38068,901.3197319234642,11.443085994290966
541.4409433275996,0.9237617072887875,22,49764,1005.0257422432067,7.016994674514642
649.4941311234396,0.9506669370831936,8080,14569,725.3993966228921,9.187319118787189
461.6812678864012,1.1668698771825776,22,18464,1152.3709548084926,7.58642010932556
457.1672177836893,0.024159700509180013,22,24078,1293.4362501418084,12.197283429288515
404.1117399171001,1.5597364442991728,80,12654,1303.2880201178807,4.2354864083540855
601.2715817819828,0.009796575092182463,22,63022,1082.0424031359103,7.447541132851922
465.12749277515627,2.4738549868335884,22,53032,1064.5594928186497,9.079908136522189
412.1847633071249,0.6363063917737478,8080,13126,1001.6563819915854,10.59573586204455
1434.201895655869,0.015431846072478836,3416,565,46977.00691910229,521.7440415303262
331.26655660419704,0.8050818948108174,80,39042,915.1074580436205,16.642457847375734
401.3142921571763,0.0877572224416011,80,38423,1245.6841624560302,12.032454526274181
515.5429327668467,0.21646430042030604,22,34714,906.8463670283844,6.767250257188862
484.5470517931198,0.6257261756784981,21,34902,920.9511709993056,12.598675602575586
517.6573358453711,0.06658805526835244,22,37433,1107.2593938361788,8.428681664376294
473.36125099910447,0.05649287720012371,8080,9821,685.4943499995118,18.43794774471617
580.3585019378602,0.14538099040378658,22,37703,966.2696493199095,5.342477580099837
369.7820493137682,1.036546139277744,80,58589,983.3102433546812,7.658699636066647
523.2676211354704,0.7370899920707272,22,30816,643.8523784873059,7.630040938397191
521.8688596729013,0.3529504037445777,21,13872,967.4402006734786,10.169234701508712
536.8750784082499,0.01963706771170913,8080,56521,1465.155958376337,13.08071723896186
341.04325066910314,1.566161468318576,80,21714,772.6154837179131,8.836636133352128
527.0343239281726,0.36034663993720395,22,9213,681.5973995517089,10.41461538805984
594.0564716391214,0.6147236311041591,22,2764,672.9073503084285,8.59049047450382
484.54943207501,0.05450053723919861,443,53340,964.268966197222,10.203013774188129
473.4161208084621,0.36783554602929447,22,19258,1017.5925792662003,12.479221929679774
331.71302283841953,1.2952014121216489,80,21921,876.7413823615784,11.455281605491338
543.4423643545857,1.8470055240488648,21,22265,947.82003539983,10.477893351488921
598.9583934594853,0.08232151833304038,443,55050,901.6505160539731,7.61786937490344
361.781848462296,0.08545468313185117,443,59886,1078.6753740508193,9.899189680131574
543.0821003007883,2.270738724815637,8080,28034,1071.4638845421255,5.949702645620737
393.024758871031,0.3610902401465315,443,56698,1135.7047902800057,3.835716076974119
459.2921763649675,0.4469656381442036,443,50544,1214.260907785923,11.513333942987405
553.2309185553348,4.05596302988449,8080,18106,1459.917818607464,8.789223644441998
468.3757407656418,0.18851264094718123,21,27779,408.87623513098606,11.655576314593876
707.6980529053753,0.08081555075092535,443,55818,1020.2894861300099,13.627793705276133
584.0308137457396,0.7025254916201404,22,26279,813.9470625459899,9.969411653124862
415.9843523037472,1.765583584507349,21,49610,727.9483267421347,6.31625334792447
598.2739511023058,0.3258213504553397,21,7728,1188.553160245055,10.818587554077318
1355.626808762892,0.007930917660852781,60599,699,56612.52165761561,576.5955452726233
660.1778891320915,0.024375258019526534,443,43520,1110.238345740339,9.790603642713586
507.21295077138694,1.461934121076927,21,37662,1272.7700649865378,11.42980890197194
517.2587917722119,0.2026507246170013,21,16473,1271.624219173452,11.221791681206405
584.1820066890061,0.22056953727511372,80,14928,918.0702143263997,8.360386620914866
521.9382501363856,1.554654264383995,22,37654,949.5251750031033,9.714142638958196
418.70589046896737,0.012499124679650054,8080,54361,709.2801440136739,6.631128852678611
584.438519048532,0.6681552119612089,443,26058,911.3975693517066,10.380600928887528
268.9896563367356,0.006202493967234204,80,6019,578.4621224771195,12.783227198653616
410.52729810441735,0.3546185796061722,443,29068,1226.4104576828356,10.769976192136784
552.1167255732113,0.6336788361148733,8080,14301,1115.7323267630334,10.784261238189906
538.5846552556501,0.48876825751333364,80,13005,1380.5814924548336,16.363430207901004
506.93811351327787,0.33312212938511143,8080,25429,598.4213898390659,14.714007448247102
401.0461879968136,0.0031264388206263217,21,35371,956.0128409467329,11.98132769964531
648.1455547658973,1.0960869399056874,443,60561,934.8603779852542,11.249104444416865
453.7648207335433,0.5929012270759181,22,60692,769.9829011695273,10.314070089664378
591.5902542356013,1.6488271125648994,443,39361,705.7769531230219,9.22237222205475
484.33621023419096,3.3727200907175248,21,37322,1315.553640986377,9.215314296800795
1367.7895874806775,0.001119862235634091,13098,849,47833.83671688489,487.79161120286085
732.7653100346085,0.46310749885616054,80,29276,615.8168148209637,13.705742164930818
482.03885861685416,0.21079528449211887,8080,3293,1149.4544102286911,8.520334463482268
490.27134015865107,1.997870009775918,80,13182,1028.2838946681088,11.523185354914757
327.2679576807651,0.8628864475068956,443,50887,1303.2737293450673,14.77065641686534
790.5067169240407,0.3996410745643562,8080,34599,854.7969804598047,6.773283141570953
458.46427398203144,1.047959326564895,22,63642,747.522140228567,12.300601879987182
457.67016879558463,0.497743208993977,443,56899,953.1748925434175,9.725379941745377
332.5317055295643,1.403197998228071,21,4415,1110.0404992052881,4.5693600367395515
417.77499827096796,2.172490721051354,443,20390,970.3855190904492,11.893824190364729
693.7231162429516,0.12272125094080245,21,11480,1090.6037512624343,9.655666152994232
461.8262106001671,2.590309596874793,443,31355,600.5066614220281,7.581154537945947
371.2577418725969,0.5830359787072296,22,5285,676.9898218830424,9.809473976685194
409.7072821912974,0.9339593836665863,8080,61386,1090.5076837959184,8.973541327803858
417.86133207756137,0.6123736916113324,8080,40802,854.0845611728707,11.592081814074199
483.65571014754875,0.09271740879465316,8080,14884,1215.5686711490364,9.16096950660132
414.675664944118,0.09803101949326702,443,28439,1150.3592931670912,10.97226766696014
514.2425736070566,1.5203243891533131,8080,32871,957.6532394911211,11.466005573401922
1374.149288752282,0.02274195370709704,22848,1015,54979.69342411129,411.87615525639495
413.6654735260618,0.6920967292832878,443,63980,1060.3104613625808,9.41506034164064
463.17510432119695,2.100988245919116,443,30936,699.8661194436322,11.802877854099691
476.0644372526976,3.9289164222367967,443,23630,1079.1018212725016,5.999577043797396
617.7411888977693,1.4343330046163643,443,20491,922.2733637866363,10.041694627997533
532.799548371411,1.4305970258061056,8080,14214,1007.5046464679197,13.242568614852614
577.7337576061744,1.5695289148270823,21,41449,1128.0427318657516,8.43538406564085
606.8471555989038,2.164373396969421,8080,46687,1137.5522263199746,11.652773142680621
429.5326737130118,2.2139616251259073,21,6621,954.7090830911723,11.108074179099713
522.8228330138905,0.12147707550444031,443,48079,686.5645818829106,10.294005742298149
581.3763689966211,0.14969827111294468,22,9248,803.3168042681939,13.253759174391535
427.09161622563914,0.0017361827096279091,8080,8662,1238.277928058283,13.777344548004208
339.7740458941075,4.01097298534929,80,25947,1054.760769064704,16.832291345668295
657.3354902475243,0.7551356906558371,80,23224,1047.3652233576056,8.879773189528354
488.6052542345125,1.0264113967084796,22,7464,742.7213329832606,10.284480579191127
564.3326794689044,0.17092643329671237,443,51014,531.1404212422646,4.8565423135116355
791.3862466007329,0.5501900412443771,443,49934,682.5803398403516,5.8625522459542365
487.49909696804224,1.9441702979611533,443,9212,629.5676289197597,8.633556253435549
712.9247112028298,2.319150898786695,8080,57428,954.5161174712232,10.382087426969457
542.7890440694918,2.5497391655298944,443,43078,1047.1139741279787,12.435207129989506
526.3717204356519,0.01828425400777985,443,6232,883.2639286387637,7.20677953617369
596.8278354591481,1.8384697610201366,22,5044,1035.7481926572655,7.796836727826097
523.7735602332278,0.4938414781814676,22,18501,1167.9845210265596,9.915750774687904
544.6531176029944,4.155219240630377,80,64365,613.0938528573764,10.263602911242183
446.60997616264456,1.2684099592891818,80,52670,958.193548794516,9.429784981297765
512.7840403167286,2.2884944928646993,8080,7420,912.0024590940583,11.529462123328354
484.74774675476414,0.05667469495911899,8080,55352,668.3328868835509,12.368099667009115
440.88965748088947,1.5455731628745515,8080,19477,730.6394902440868,9.74644035546558
615.5312036106696,1.4429900066983359,80,5095,816.4492925164972,12.827780862699377
450.0704401460848,0.6433871955891156,21,60625,803.0010144551117,11.13906274184195
484.13651629613116,2.3968687609778363,22,44178,1237.9244010575287,11.74932440697323
515.9991613573438,0.33727276507220394,21,14124,1039.0526062959545,6.538975250800718
545.9385771716612,5.675036140461937,443,47761,1128.911682396796,8.477798270798724
542.8756438461613,1.1620795338651737,443,22358,864.3856943013002,11.40345934872897
538.3377113182471,0.16586787394739386,80,27290,674.7831022746967,6.4444462584030475
587.9397974862828,0.7148215656743103,21,28294,867.0747999873738,0.8571023039417369
510.7880444343033,0.2232461563048766,80,30467,609.4368939903504,11.08902774314355
573.7515568467087,4.3919899142705905,80,25476,767.034380707792,13.566352343061622
433.8074058933349,0.14423477647646554,22,52298,1109.6256759284393,10.595143481879319
417.55187843087606,0.014617879557007243,8080,7952,714.5727195627518,3.4589013737854337
582.7988176797058,0.039489176734520404,21,3934,1134.2456023227396,5.543313990306785
538.4950966105863,1.623280413344836,22,59950,1047.7201581856887,4.066752812898615
403.7908883658373,3.3393521312566823,80,53148,784.8528082709536,8.935908091120968
529.5993989687099,1.0812846487754566,21,28833,811.8939568997566,9.469422419281612
561.9171116975393,1.543041419280274,8080,11918,1123.8210036929704,9.739885897473629
499.48781332799285,0.1009491391042661,8080,33059,1075.012430378468,12.315622877109485
462.808541867871,0.1772135543815329,21,24534,894.1455386600213,10.272400070830143
608.9217496710793,0.5364634387572692,443,16271,1006.5390450506542,13.773336852608328
438.7903200940192,0.9926484521950923,8080,60858,1005.8847151169946,6.325885667048379
452.82239663616645,1.6880420919316175,21,51334,1244.3457332435187,7.7499947912544656
485.9209113583615,0.09731004540128327,80,12730,1205.7561839491018,13.476848747130699
466.85118279027455,0.03187568725540099,22,31469,1361.7829084165542,9.888252242343619
505.2466798356244,0.2502957401631655,80,38602,894.3147737768949,7.002565326006963
635.9187575240437,1.5492073088102347,21,63614,926.906081177155,10.61623158088378
520.2306191831194,0.17884767555560133,22,36226,887.3057149149861,12.725179891801913
367.73003876455977,0.8070641282236385,22,24162,1239.7039673033387,8.002366866638692
526.7711462343835,1.1212785343537786,443,34968,997.4122463792824,10.306769978942247
447.05605726339263,1.8274022241538015,21,5468,860.263912803034,7.841555362064357
536.1921853928843,0.24353190429692764,80,62234,876.7614520018611,7.9246907709930605
400.2753172398518,1.4849548385192468,22,44034,965.9223153287778,11.302029470350321
582.9519042024073,0.7490627070354299,443,53810,948.258819662854,14.106353895710688
521.9996683971765,4.043928769009034,21,21713,883.6557301595507,2.1943350548449327
610.6288710059889,1.4313608440461167,22,61424,1015.7197412230075,8.111966546996486
509.05849069017455,0.1758870019703978,443,63303,1029.187658828955,6.858138560848569
390.32144215453604,0.7289844249422187,443,2570,1197.7063725702924,12.194477223822805
394.7101489296051,1.537710662516413,21,43647,1182.9248107973692,12.371180430898516
324.32782175214174,0.11860020575551374,21,3339,1014.6550629171393,11.814374747651705
584.6583985843404,1.4610188920335898,443,44500,1019.0878076975472,10.995986480370803
543.9636606016993,0.3056665532716318,21,26280,1132.8707348479861,13.424442304309654
513.8241432058682,0.6272266937379913,21,13515,1134.7588787335517,8.529333549883674
388.9569315585522,0.010633104910896498,80,63884,797.4632297223677,11.646948622230733
535.687105914951,0.6341966252617345,443,5573,874.3257783761043,13.92473982063973
586.3828013698188,1.9500632776643796,443,65118,957.1249780589771,11.312967020602919
391.56119277666335,0.4495495569673913,80,42186,922.8740036953677,11.266867057376079
493.086206527386,0.7665735040215873,8080,4192,923.0899779964167,10.035149253158096
430.4057388329297,0.34367768031975643,80,33624,861.1722877708669,9.915946645312768
407.3424058594475,2.747591733455769,22,20744,970.8379083822368,10.34124446045843
509.21266584341095,2.9189312422209817,8080,10933,871.6914558434307,11.550108455945399
489.6511731934039,2.473247731011129,22,64937,732.3235177352311,10.519021418956678
465.7213849135621,1.6082998151517072,8080,23467,787.1054507747656,12.248371046219692
479.4838311133956,0.21899739932817083,443,46493,1095.4070254452915,10.040066774631018
515.2562512102469,0.4003782637299135,443,58062,720.4627673763193,9.459078931451398
523.2878020137168,0.5458600656217983,443,35910,1242.5767383446312,2.868128524810057
476.31497354903155,0.04491575798474018,22,28700,1225.4709523284844,7.55982876295997
576.0133085375853,0.9317931108921264,21,61063,1172.1059415922891,7.329937750709191
270.87104914019,0.10911357753263587,80,63519,909.723109807121,8.138444138054016
440.58500443032057,4.201433414235016,80,30121,1047.391077743849,8.019099651934033
528.5826139602543,0.38856378489709464,21,30194,923.2398148584509,13.067221676081417
630.0044594698959,0.42783092841568066,8080,14148,962.0888976921443,13.87505939697602
486.89133493122733,2.6446255828682377,80,41407,1282.502613992201,12.503576642107173
1317.0056059290157,0.0021746237255089148,38019,35,46129.570575089754,581.5316072171634
1319.5596645365015,0.011886613302017814,56207,217,40417.012662408946,489.9702332556592
440.5599647801265,1.3149750278914965,21,5109,940.1324184496556,14.409811692823693
620.5853620888233,1.1951520043158457,8080,9330,1359.6575401846126,10.957284502070722
543.9086678929576,0.10505068019238147,80,34704,1295.4787329949338,10.03383308985598
583.8489203736345,1.5066831440281225,22,3510,1075.5941995989397,9.411987106464952
531.3513847450196,0.6086353513222633,443,14864,767.3052400415459,11.980112475371005
460.53948771404106,1.094131961910009,443,10685,1318.0904595832046,7.858541508343867
486.61770354839587,0.1116453912416248,80,25327,971.7208995712396,11.900264623082048
531.560500359034,0.11004941194774075,80,27965,979.4675817918734,12.53891218692319
447.05072909361974,0.8894239222857286,443,25776,952.66823506962,10.044040419669134
397.6502507378135,1.041732223414402,443,36788,686.5883499529124,5.584562946027443
647.5949048053509,2.1848847073978663,80,13919,1292.4710526946722,13.1013585038167
509.0489781627874,0.24248179726922622,80,64383,952.7107160070973,13.205386201732894
582.0528475417419,0.11118811453900541,22,11185,776.534479589745,10.040127438147588
522.9211374115068,0.6270689887554523,21,54901,1311.7632495598173,1.7119734829787703
381.1236945677149,2.370289805667379,8080,35353,1154.3066519523838,11.978452642755688
452.8475192550051,0.31057307774889914,8080,16840,1025.3193420555388,12.178295084339004
266.63838801516954,0.7726545985007732,8080,43876,1002.1971027055051,9.135143625618044
466.0966924099437,0.9085192934471843,21,48149,662.5304611173297,11.976392105098578
501.1426055560659,0.6294945688072223,22,36085,992.0587435306044,0.8086604010628129
573.0774691138645,1.1831997305054935,80,61467,1125.7592587220606,11.455245301192388
477.7777302901227,0.14596797058102115,22,63501,770.6335835665118,7.01890636868055
695.10125601263,0.41974535334091595,80,62031,908.6380038522672,10.971970768816433
511.66858091407283,0.5962522232483364,21,8892,961.8479079330903,16.002889304770463
531.3908211457554,0.3957613964387292,21,12817,1204.902535085338,14.440297611141748
579.3347235199925,1.4219213746254797,443,60100,779.2022729256677,9.292497268557456
545.4420338214363,0.22055664587473675,8080,27789,977.3663180542205,16.03277833720154
548.6972480785582,0.4380692137506351,8080,43252,1042.0582582172292,11.172175078266688
324.22716086433684,0.15164767118159445,21,20622,1027.0246903736165,12.809708067570364
518.3234437221906,0.36395469386584106,80,57713,1582.848929683084,11.888212018306602
374.83527858938606,1.6926858457772898,443,19082,998.5766289742968,12.913019007877564
381.50562335829756,1.3937653347381271,21,60459,908.894430999314,9.072932904411251
506.6030697561216,0.5411514031446735,443,12386,721.8629140049488,13.076044102773265
612.8972292720891,1.1432990122907531,8080,46144,1008.0513004000926,6.1761447939534815
541.2732611595989,0.4130588932448107,22,40407,1357.0636788449456,13.880529905378111
434.52123045706094,0.6504214139428232,21,2735,989.0130267594164,6.141609889873627
286.79537192686905,0.23115451756174415,8080,17630,1068.3017371073606,11.493768802808136
553.0064705601467,1.6630263277636934,21,40518,824.7780151544084,8.695901578830597
507.2033573232578,0.9351124710336877,443,21064,740.9317631067929,7.76612993068431
524.2496791271221,1.0583729256587953,22,16793,1254.5765537509328,16.619575921421205
355.28875275769127,1.6458569866850743,22,38272,1215.7758078059478,8.644147060439474
563.128822583854,1.5577183739831064,21,45664,1112.6626147032848,12.724188530553956
412.3139221832412,0.6259158847687486,22,19370,982.1359194598531,7.917208713255794
1397.7502396178497,0.016013303836574306,50859,695,49226.94620690045,584.7958743463699
660.4254361517142,0.11304010767710931,80,32178,1007.9387053195123,10.830876025658096
488.13616738901175,2.1706025689435506,21,31070,956.4630613130687,10.475344151499204
554.3154268305195,0.3286393304256644,80,30688,1225.008784341605,7.743517395797439
1365.1221396701847,0.006544550833049493,60587,613,39841.90215668487,524.891359867503
416.2601776172538,0.4242164059474793,80,61207,1046.256404548673,3.341577224130842
415.6769729707129,3.413763788326375,443,56222,646.9559369394301,11.489029103022194
592.7438481558181,0.34246559036823204,443,53211,1128.1981438789946,8.594722906301627
475.47221540578903,0.6679382330150003,22,11564,872.0993218225049,7.768417218713097
432.17355598448233,0.22207360620228458,22,61417,1175.7908055401786,11.21494695677403
304.89648113461635,1.2732343183407686,22,14835,1047.38972230919,11.306375007872253
543.4766074466619,0.031040168658025308,8080,44138,892.336759427684,7.168139425833994
611.4592444577377,1.9694949725915476,21,15598,1285.0657886940612,10.59266884758251
462.18374459606105,0.7070074839648216,21,28861,1111.072045701715,13.368034763691217
751.7474037533921,1.6843106687134723,8080,40195,1077.6948401703082,17.013535357516496
539.2827468259919,0.32320065009779353,8080,17849,720.6075884497736,8.525377521528503
451.58305666664216,1.5800012794208542,443,38415,1129.6788022477426,10.645294407457108
544.6072201482081,0.589305612221685,443,22672,1226.5379641039178,9.896575404896101
539.9774226723437,0.675501282857832,443,27387,573.0612665046287,10.755563245885016
647.1491972993157,2.983477860659325,443,41939,867.4597183289472,10.042216248620514
600.2757825304604,7.3874972432069255,22,8590,1010.6915825234948,11.665437045834492
466.5114970014225,0.18975021263561256,443,31241,995.4629449348706,10.715165124512275
522.3595548774682,0.6508317225284753,80,63123,708.5724174160887,4.670805110973117
448.7757270928463,2.068861293666254,22,58333,829.2481554825176,6.514196780859737
535.1756408399203,0.7342285508396904,22,61115,1474.9213100052862,9.101040807833904
493.3046827101799,1.6039388542886386,8080,47611,1453.528840779851,6.139277678390877
533.7574548798933,0.21582347341275235,443,35633,756.0248510316957,8.46381574204262
606.7222416571983,0.39491968962703006,22,6867,1145.965757803106,11.864803939362915
536.5444064364078,0.6845637070346762,22,60976,1018.1485127504346,7.410443012967169
411.18661462663476,2.066893806527818,443,13611,1095.0256134696017,12.999022059615967
353.6557998162997,0.19590621184668472,21,24892,1477.3903599147845,8.94542579457012
476.18262560253345,0.9975215766130063,8080,40937,893.0377323562884,13.74163426342735
470.7828814196445,3.30664526461572,443,43063,1121.2582312217417,10.110416497290863
712.8469732435165,0.03584710993367694,21,1321,965.2324599810768,9.902988643914354
464.1983311925571,0.14948488023017686,8080,10609,861.6132607650779,7.2936665854568465
699.6730891691786,3.2707948272595013,80,37322,1145.9431347567418,7.709682048068018
516.2753065105005,0.5967900684747803,443,62222,875.4919694668894,9.734158164240498
398.4420918792458,1.1364718849730873,443,56713,873.0373672057086,12.767919168363559
436.0248467250252,1.175517818383255,8080,7129,1161.8242621980487,8.809258476286626
1439.5170290892352,0.0030623840582444783,7846,664,47947.33005992493,471.99313731191245
498.31988424957115,1.0326060178666676,443,14376,750.5365060611662,1.2485203579088022
342.79597443467594,1.429909885522213,80,11072,1341.9887908024143,6.767316013398024
292.70165640087083,1.2116320713106787,8080,12997,568.7953914900038,7.350401106534626
571.1226579792855,0.7978894130535272,22,38237,929.2770516772712,12.38963209155999
672.7350214164185,0.0059671543491317015,443,35511,981.8258140748075,9.11695682941825
546.7509342252046,0.6401887342090072,22,9713,971.1944679890647,5.6014420525913735
513.0274521472886,0.9640357186398767,80,26343,531.1313383162253,15.167079825986947
574.3254171203442,0.22554849862283188,8080,8463,1021.8970718894175,4.5914314107463525
454.23005690431745,0.8984176796720937,80,30483,1192.1468615188928,11.375677408636506
610.5993369907299,0.1564397342213113,8080,29070,910.0059236270702,14.778736267368423
460.6258827775428,0.17547100646637034,443,56526,1082.9232570053407,13.873087165552406
553.8115437003926,0.1061797541415693,80,7546,976.1662325344159,10.132651008700549
526.2749225147138,1.0109751498506496,21,13845,967.2092999946007,4.778491032916553
592.8296991568484,0.6468800595525971,443,14046,1057.9770951836801,12.531810674660067
395.94560608424655,0.7809988258051282,443,35680,1131.1236122342766,10.253983842198291
531.2009471551244,0.1626520194423183,80,64836,1168.4253918275265,5.818982546901485
285.2710970261345,0.7004496130916131,21,52294,1044.7934856746895,9.003494410482984
378.1186939576372,0.7172769469361548,21,55955,1194.7638143434617,12.73371413370684
503.06314925944173,0.6585951024300227,80,57674,517.1784297937926,10.322602540160903
517.6512421372447,0.2623603033555177,21,9652,1019.5207984990881,8.38139445423658
415.43389672326526,0.5841705700100861,22,9000,1039.9270035823029,8.943204895150693
534.1555550940509,0.6911265354644027,22,28996,794.9179744444191,10.997596939292922
1415.4399638424084,0.012706348911685894,8173,642,47797.46069576003,429.8233053733218
1435.2984873349408,0.008058122191280891,52807,203,46486.22520089398,499.77497554958427
467.1474776877106,0.3496241895916988,22,31894,711.6042528719975,11.832534749232563
536.8356612700659,0.6866992281945955,8080,7106,1161.8389463706346,6.452648283380688
500.0084393091414,4.114415672325533,21,29882,1040.7266357419603,11.005127102612239
640.7481861313717,0.4759036846634556,8080,16552,833.8460236789329,14.2026455809389
427.47739354642465,0.01400473642664731,443,64173,718.0060593832249,12.893652046718
523.216132306672,0.2574420207674033,22,27300,547.9170485324296,7.386351783922557
633.7398107442743,1.5118737798350053,21,26164,1233.9076294587767,7.57262204517688
519.6776096656957,0.7925930230987768,80,21359,1011.4820142876315,15.80614355058733
672.3665720783297,1.2214377458395065,22,37477,1115.48051550385,12.35406614839506
673.2311605409944,0.07760721860219252,21,36190,1022.2700858796222,7.400751584021683
362.5104191630018,0.1699464939322498,8080,52020,1174.6113200185487,11.81498012703662
479.456244213237,3.445194255117418,22,52765,808.1144493716264,6.206374024156258
468.0328783642699,0.9920010457862942,22,10264,1065.988707731453,9.140901592404473
358.7234116107634,0.9467467002068803,22,47720,947.8343083190833,13.494833335564383
396.00158937595046,0.31370823840793155,8080,20452,814.2021665738841,10.097110302181092
532.8662002282481,0.7229780996526993,8080,41335,887.638691294882,9.470902148532009
1433.4277671628367,0.00353966345745549,25753,764,43702.93466646933,488.56778319952525
506.7579069488892,0.9702080036661626,8080,7695,1341.1705361089128,10.645907889824535
635.3585889569397,1.3772803507046227,80,23947,1132.2756379783416,2.849833891127915
545.6775237557412,0.5151343309079336,80,26668,1013.5826338338671,9.130373153575391
495.1281598069882,5.1142409878598505,21,52108,1216.9030321859932,11.171364796161647
561.5979422575496,1.925767715555381,80,60997,1197.710648493063,7.5951434776946485
444.4672781180984,2.5185068090031733,8080,38518,893.6245012114485,7.784870257368675
672.0769831165984,0.7494575852469069,443,24528,1208.7486795440989,10.782263152423502
425.6411771187436,0.8720654709677087,8080,52361,934.5389139489952,6.728658242348567
490.15145154905764,0.29213223298727925,80,52537,450.06479607388496,10.911512276912688
560.8761472224439,0.7092357090850083,80,12129,1561.9137940192784,11.47689073581411
518.5325649415382,0.7250433876655662,8080,59255,973.994787700302,10.12789307331324
354.28441801443336,0.22967095082761368,22,34960,1022.9168874047756,6.39191024229691
293.67617231952573,1.866661373676643,8080,34152,1059.3831741472225,6.890254075391029
547.1538522545139,4.996501216169816,443,30810,750.1880058643894,8.151474747476428
490.5737445747443,0.5873030373434314,80,46575,680.3895249446573,7.171960256405979
612.7241206968033,1.1790552099431564,8080,6042,1287.7410964718463,9.048139824242678
470.3429046465292,1.0795377815202531,80,21084,845.0696287475873,10.278038338087011
548.074665890591,0.053583110352885766,443,13488,936.9651220229553,12.895511478185998
552.4187842812771,0.46791617471401536,80,8383,1186.527768598224,13.608102419608437
709.3168308930594,2.0722063879010753,8080,32780,534.9257250251426,11.809020560280029
593.1573012874244,0.20052850531534974,8080,44918,1064.1699292649214,5.779257503194414
382.7992807405184,1.6590567022267817,21,35530,793.856593613532,14.748488340320002
1390.835122178637,0.011438730570412333,62896,509,47694.86859709581,721.0640877393239
352.91937054973425,0.07642793425452304,22,26125,811.9557582148566,10.883778527675137
466.5543827644123,1.1490112459940387,80,3630,726.3331404897765,12.938756023467919
1369.2957612327816,0.0006424497965363777,53647,658,40788.07768984664,496.41752533340446
382.16963768851343,2.3365191126469,8080,59832,1178.5711632645912,6.701024962466976
353.29547546090095,0.6316855185327809,80,48149,1090.0041346843664,8.906868121320274
452.96273457072044,1.3719695996248267,443,65320,1155.5219060557072,8.241845080073324
394.1463918021591,0.38441348020238764,8080,41431,939.847083030653,4.460988966638559
528.9119398689984,1.1758170890911013,443,53910,1089.9956682693096,6.926413261260981
607.6240157466385,0.6043829259343619,22,50747,787.2880541130565,7.005929220118366
372.2062425680381,0.35753425724669774,21,55996,937.528911668826,7.254626021561497
352.31421831542684,0.9244406924870417,8080,8260,634.3209377116996,11.954621861931876
665.092793223125,1.35811869424796,8080,55915,847.9619822762189,10.283777598873101
1449.009543583591,0.004549951762269523,4310,865,45461.912469496994,623.1875134289303
377.55309682794996,0.8542325703295431,8080,64785,644.602672134785,10.395621439363456
495.9237473864566,0.41044296151296816,443,6395,786.4812461910228,10.169490075979699
413.41688843067567,0.2976264876921044,22,26910,1065.6735945663077,9.291609724666044
567.8913563071894,0.27104971156954033,21,49682,921.8644794801609,8.038110599089235
661.6209681651208,3.2609037639327636,8080,13240,1223.9001361605833,13.497016269651457
434.58535599322033,0.47728212285210014,22,57871,860.7575896840201,9.715104068221985
672.8697644405593,0.14291854913393642,8080,45544,892.4377307285721,7.571638812708017
431.9070455596059,0.37342509890997994,443,16784,1101.9796496953072,8.250654783091926
543.8993158738299,0.7675185192389891,21,26099,737.6393668445578,8.05221124116959
497.41371520461433,0.43604734119337496,80,28313,1108.5716448955193,17.595714033226532
403.4883237767628,1.0629827466920718,443,38374,722.7115493459614,9.48138675266969
423.69427903052326,2.006799243086612,22,7269,909.3123403262814,10.703293349446293
632.0661655528168,0.32787890276881027,443,9255,761.1269038551081,14.506087755529391
482.0480786717399,0.6053290266190389,443,4783,1009.3114946655721,12.612468311099917
420.5863709974576,0.06558347318663053,21,13596,907.5745849655109,11.33998454583671
243.33415590687025,1.1492288499157028,22,24236,1384.5892388133154,9.354552502686612
574.9433899727741,0.26225310114951866,8080,57221,700.5253659810926,16.703158738593046
541.3890285372693,0.5117837297294192,21,52069,1341.218351625528,9.835886689452186
462.3843928769901,0.07280866110344342,80,8352,1049.589512170375,13.903475045956093
558.2655241987707,0.1722813184400204,443,46555,836.0492142458312,15.334962720159467
515.7048567445345,1.451615019885065,8080,7771,1069.1453159603159,11.099353439714651
461.0190196844232,2.423094851029024,22,11736,921.5920408258537,12.210509592760154
396.43462471741884,0.16620934265480092,21,65040,969.3948247587574,8.521420693313322
485.2471319759647,0.3496700966390588,8080,40963,1203.1030432965858,11.43283218927031
409.45209446399394,1.4568179027260912,80,29388,1123.4563160984517,5.7856253571690175
585.6793982566527,1.7261542250989992,21,59014,939.1146474286666,15.658567475668246
501.24941187276875,0.5743075942389508,8080,15013,1262.4050524439829,10.694981332709553
533.3070372618255,0.886922607186738,22,35890,687.7594155622239,11.441002887644139
651.1228433276722,1.1759480396226825,80,60099,764.7599366713134,6.868167785594074
467.2326905638039,0.02090807020337987,8080,25181,701.5788329054017,12.317619422748283
470.68084133512383,0.5083109386804946,21,44430,689.796117530389,9.284690947059092
517.9275634956316,2.759950419318024,22,24881,855.1314961183598,11.695460136429308
1356.7030058083858,0.0077944564994790865,61131,962,51058.56892085299,600.866835595484
481.51376364547394,0.9130479708067714,8080,24296,934.8909976960937,6.4228140086727
363.1840800754335,2.903332935595461,22,25090,1064.802504837996,12.456291851042327
386.67127859965194,0.5868015797184021,8080,22056,875.0793183569642,4.320486516285685
404.99779450894187,0.11204643852520449,21,61198,1149.844585440171,15.331548520773172
427.8441966457153,3.35614678678174,80,10031,774.4093952988662,10.155094964285844
341.84056005460576,1.1242325112982776,80,63236,775.713790796549,2.8561979796342385
439.4999287191269,0.7445691194975216,8080,33760,1031.4465686872386,14.438386431556578
464.3736028938574,1.9225097555146315,21,41869,1196.295949861623,6.667206714352838
